Workbook

Sheet LEGGIMI
B2: Cruscotto Clienti · laser
B3: NIPEC · Tecnologie Estetiche
B6: A COSA SERVE
C7: Dice ogni mattina chi richiamare e in che ordine. Si guarda una colonna sola:
C8: COSA FARE OGGI. Si ordina per quella e si lavora dall'alto.
B10: LE TRE REGOLE
B11: Giallo | C11: lo scrivi tu. Sono le uniche celle da toccare.
B12: Grigio | C12: si calcola da solo. Se ci scrivi dentro, quella riga smette di avvisare.
B13: Riga 5 | C13: è un esempio. Seleziona le celle gialle e cancellale quando cominci.
B15: IL GESTO DI OGNI GIORNO
C16: La cliente viene: alzi Sedute fatte di uno, metti Ultima seduta a oggi,
C17: e fissi il Prossimo appuntamento PRIMA che esca dalla porta.
C18: Se fai le prime due e salti la terza, domattina te la ritrovi in cima.
B20: I FOGLI
B21: CLIENTI | C21: la rubrica. Una riga per persona, o una per zona se i cicli sono separati.
B22: OGGI | C22: solo chi va chiamato, già in ordine. È quello da aprire la mattina.
B23: RIEPILOGO | C23: i numeri del centro. Da qui il master NIPEC legge sei celle: non spostarle.
B24: INCENTIVI | C24: le tre offerte. Le rinomini qui e il cruscotto le segue.
B25: IMPOSTAZIONI | C25: i sei numeri dell'orologio del laser. Cambi lì, cambia tutto.
B27: LA REGOLA D'ORO
C28: Nessuna esce senza il prossimo appuntamento.
C29: Sotto il 90% di copertura il centro sta perdendo clienti senza accorgersene.
B31: ASSISTENZA | C31: 351 846 6025

Sheet OGGI
B2: OGGI
B3: Solo chi va chiamato, già in ordine. Si guarda questo, la mattina.
A4: Nome | B4: COSA FARE OGGI | C4: Prossimo | D4: Sedute | E4: Stato | F4: Promemoria | G4: chiave
A5: =IF($G5="","",IFERROR(INDEX(CLIENTI!A$5:A$304,MATCH($G5,CLIENTI!$T$5:$T$304,0)),"")) | B5: =IF($G5="","",IFERROR(INDEX(CLIENTI!B$5:B$304,MATCH($G5,CLIENTI!$T$5:$T$304,0)),"")) | C5: =IF($G5="","",IFERROR(INDEX(CLIENTI!C$5:C$304,MATCH($G5,CLIENTI!$T$5:$T$304,0)),"")) | D5: =IF($G5="","",IFERROR(INDEX(CLIENTI!D$5:D$304,MATCH($G5,CLIENTI!$T$5:$T$304,0)),"")) | E5: =IF($G5="","",IFERROR(INDEX(CLIENTI!E$5:E$304,MATCH($G5,CLIENTI!$T$5:$T$304,0)),"")) | F5: =IF($G5="","",IFERROR(INDEX(CLIENTI!F$5:F$304,MATCH($G5,CLIENTI!$T$5:$T$304,0)),"")) | G5: =IFERROR(SMALL(CLIENTI!$T$5:$T$304,ROW()-4),"")
A6: =IF($G6="","",IFERROR(INDEX(CLIENTI!A$5:A$304,MATCH($G6,CLIENTI!$T$5:$T$304,0)),"")) | B6: =IF($G6="","",IFERROR(INDEX(CLIENTI!B$5:B$304,MATCH($G6,CLIENTI!$T$5:$T$304,0)),"")) | C6: =IF($G6="","",IFERROR(INDEX(CLIENTI!C$5:C$304,MATCH($G6,CLIENTI!$T$5:$T$304,0)),"")) | D6: =IF($G6="","",IFERROR(INDEX(CLIENTI!D$5:D$304,MATCH($G6,CLIENTI!$T$5:$T$304,0)),"")) | E6: =IF($G6="","",IFERROR(INDEX(CLIENTI!E$5:E$304,MATCH($G6,CLIENTI!$T$5:$T$304,0)),"")) | F6: =IF($G6="","",IFERROR(INDEX(CLIENTI!F$5:F$304,MATCH($G6,CLIENTI!$T$5:$T$304,0)),"")) | G6: =IFERROR(SMALL(CLIENTI!$T$5:$T$304,ROW()-4),"")
A7: =IF($G7="","",IFERROR(INDEX(CLIENTI!A$5:A$304,MATCH($G7,CLIENTI!$T$5:$T$304,0)),"")) | B7: =IF($G7="","",IFERROR(INDEX(CLIENTI!B$5:B$304,MATCH($G7,CLIENTI!$T$5:$T$304,0)),"")) | C7: =IF($G7="","",IFERROR(INDEX(CLIENTI!C$5:C$304,MATCH($G7,CLIENTI!$T$5:$T$304,0)),"")) | D7: =IF($G7="","",IFERROR(INDEX(CLIENTI!D$5:D$304,MATCH($G7,CLIENTI!$T$5:$T$304,0)),"")) | E7: =IF($G7="","",IFERROR(INDEX(CLIENTI!E$5:E$304,MATCH($G7,CLIENTI!$T$5:$T$304,0)),"")) | F7: =IF($G7="","",IFERROR(INDEX(CLIENTI!F$5:F$304,MATCH($G7,CLIENTI!$T$5:$T$304,0)),"")) | G7: =IFERROR(SMALL(CLIENTI!$T$5:$T$304,ROW()-4),"")
A8: =IF($G8="","",IFERROR(INDEX(CLIENTI!A$5:A$304,MATCH($G8,CLIENTI!$T$5:$T$304,0)),"")) | B8: =IF($G8="","",IFERROR(INDEX(CLIENTI!B$5:B$304,MATCH($G8,CLIENTI!$T$5:$T$304,0)),"")) | C8: =IF($G8="","",IFERROR(INDEX(CLIENTI!C$5:C$304,MATCH($G8,CLIENTI!$T$5:$T$304,0)),"")) | D8: =IF($G8="","",IFERROR(INDEX(CLIENTI!D$5:D$304,MATCH($G8,CLIENTI!$T$5:$T$304,0)),"")) | E8: =IF($G8="","",IFERROR(INDEX(CLIENTI!E$5:E$304,MATCH($G8,CLIENTI!$T$5:$T$304,0)),"")) | F8: =IF($G8="","",IFERROR(INDEX(CLIENTI!F$5:F$304,MATCH($G8,CLIENTI!$T$5:$T$304,0)),"")) | G8: =IFERROR(SMALL(CLIENTI!$T$5:$T$304,ROW()-4),"")
A9: =IF($G9="","",IFERROR(INDEX(CLIENTI!A$5:A$304,MATCH($G9,CLIENTI!$T$5:$T$304,0)),"")) | B9: =IF($G9="","",IFERROR(INDEX(CLIENTI!B$5:B$304,MATCH($G9,CLIENTI!$T$5:$T$304,0)),"")) | C9: =IF($G9="","",IFERROR(INDEX(CLIENTI!C$5:C$304,MATCH($G9,CLIENTI!$T$5:$T$304,0)),"")) | D9: =IF($G9="","",IFERROR(INDEX(CLIENTI!D$5:D$304,MATCH($G9,CLIENTI!$T$5:$T$304,0)),"")) | E9: =IF($G9="","",IFERROR(INDEX(CLIENTI!E$5:E$304,MATCH($G9,CLIENTI!$T$5:$T$304,0)),"")) | F9: =IF($G9="","",IFERROR(INDEX(CLIENTI!F$5:F$304,MATCH($G9,CLIENTI!$T$5:$T$304,0)),"")) | G9: =IFERROR(SMALL(CLIENTI!$T$5:$T$304,ROW()-4),"")
A10: =IF($G10="","",IFERROR(INDEX(CLIENTI!A$5:A$304,MATCH($G10,CLIENTI!$T$5:$T$304,0)),"")) | B10: =IF($G10="","",IFERROR(INDEX(CLIENTI!B$5:B$304,MATCH($G10,CLIENTI!$T$5:$T$304,0)),"")) | C10: =IF($G10="","",IFERROR(INDEX(CLIENTI!C$5:C$304,MATCH($G10,CLIENTI!$T$5:$T$304,0)),"")) | D10: =IF($G10="","",IFERROR(INDEX(CLIENTI!D$5:D$304,MATCH($G10,CLIENTI!$T$5:$T$304,0)),"")) | E10: =IF($G10="","",IFERROR(INDEX(CLIENTI!E$5:E$304,MATCH($G10,CLIENTI!$T$5:$T$304,0)),"")) | F10: =IF($G10="","",IFERROR(INDEX(CLIENTI!F$5:F$304,MATCH($G10,CLIENTI!$T$5:$T$304,0)),"")) | G10: =IFERROR(SMALL(CLIENTI!$T$5:$T$304,ROW()-4),"")
A11: =IF($G11="","",IFERROR(INDEX(CLIENTI!A$5:A$304,MATCH($G11,CLIENTI!$T$5:$T$304,0)),"")) | B11: =IF($G11="","",IFERROR(INDEX(CLIENTI!B$5:B$304,MATCH($G11,CLIENTI!$T$5:$T$304,0)),"")) | C11: =IF($G11="","",IFERROR(INDEX(CLIENTI!C$5:C$304,MATCH($G11,CLIENTI!$T$5:$T$304,0)),"")) | D11: =IF($G11="","",IFERROR(INDEX(CLIENTI!D$5:D$304,MATCH($G11,CLIENTI!$T$5:$T$304,0)),"")) | E11: =IF($G11="","",IFERROR(INDEX(CLIENTI!E$5:E$304,MATCH($G11,CLIENTI!$T$5:$T$304,0)),"")) | F11: =IF($G11="","",IFERROR(INDEX(CLIENTI!F$5:F$304,MATCH($G11,CLIENTI!$T$5:$T$304,0)),"")) | G11: =IFERROR(SMALL(CLIENTI!$T$5:$T$304,ROW()-4),"")
A12: =IF($G12="","",IFERROR(INDEX(CLIENTI!A$5:A$304,MATCH($G12,CLIENTI!$T$5:$T$304,0)),"")) | B12: =IF($G12="","",IFERROR(INDEX(CLIENTI!B$5:B$304,MATCH($G12,CLIENTI!$T$5:$T$304,0)),"")) | C12: =IF($G12="","",IFERROR(INDEX(CLIENTI!C$5:C$304,MATCH($G12,CLIENTI!$T$5:$T$304,0)),"")) | D12: =IF($G12="","",IFERROR(INDEX(CLIENTI!D$5:D$304,MATCH($G12,CLIENTI!$T$5:$T$304,0)),"")) | E12: =IF($G12="","",IFERROR(INDEX(CLIENTI!E$5:E$304,MATCH($G12,CLIENTI!$T$5:$T$304,0)),"")) | F12: =IF($G12="","",IFERROR(INDEX(CLIENTI!F$5:F$304,MATCH($G12,CLIENTI!$T$5:$T$304,0)),"")) | G12: =IFERROR(SMALL(CLIENTI!$T$5:$T$304,ROW()-4),"")
A13: =IF($G13="","",IFERROR(INDEX(CLIENTI!A$5:A$304,MATCH($G13,CLIENTI!$T$5:$T$304,0)),"")) | B13: =IF($G13="","",IFERROR(INDEX(CLIENTI!B$5:B$304,MATCH($G13,CLIENTI!$T$5:$T$304,0)),"")) | C13: =IF($G13="","",IFERROR(INDEX(CLIENTI!C$5:C$304,MATCH($G13,CLIENTI!$T$5:$T$304,0)),"")) | D13: =IF($G13="","",IFERROR(INDEX(CLIENTI!D$5:D$304,MATCH($G13,CLIENTI!$T$5:$T$304,0)),"")) | E13: =IF($G13="","",IFERROR(INDEX(CLIENTI!E$5:E$304,MATCH($G13,CLIENTI!$T$5:$T$304,0)),"")) | F13: =IF($G13="","",IFERROR(INDEX(CLIENTI!F$5:F$304,MATCH($G13,CLIENTI!$T$5:$T$304,0)),"")) | G13: =IFERROR(SMALL(CLIENTI!$T$5:$T$304,ROW()-4),"")
A14: =IF($G14="","",IFERROR(INDEX(CLIENTI!A$5:A$304,MATCH($G14,CLIENTI!$T$5:$T$304,0)),"")) | B14: =IF($G14="","",IFERROR(INDEX(CLIENTI!B$5:B$304,MATCH($G14,CLIENTI!$T$5:$T$304,0)),"")) | C14: =IF($G14="","",IFERROR(INDEX(CLIENTI!C$5:C$304,MATCH($G14,CLIENTI!$T$5:$T$304,0)),"")) | D14: =IF($G14="","",IFERROR(INDEX(CLIENTI!D$5:D$304,MATCH($G14,CLIENTI!$T$5:$T$304,0)),"")) | E14: =IF($G14="","",IFERROR(INDEX(CLIENTI!E$5:E$304,MATCH($G14,CLIENTI!$T$5:$T$304,0)),"")) | F14: =IF($G14="","",IFERROR(INDEX(CLIENTI!F$5:F$304,MATCH($G14,CLIENTI!$T$5:$T$304,0)),"")) | G14: =IFERROR(SMALL(CLIENTI!$T$5:$T$304,ROW()-4),"")
A15: =IF($G15="","",IFERROR(INDEX(CLIENTI!A$5:A$304,MATCH($G15,CLIENTI!$T$5:$T$304,0)),"")) | B15: =IF($G15="","",IFERROR(INDEX(CLIENTI!B$5:B$304,MATCH($G15,CLIENTI!$T$5:$T$304,0)),"")) | C15: =IF($G15="","",IFERROR(INDEX(CLIENTI!C$5:C$304,MATCH($G15,CLIENTI!$T$5:$T$304,0)),"")) | D15: =IF($G15="","",IFERROR(INDEX(CLIENTI!D$5:D$304,MATCH($G15,CLIENTI!$T$5:$T$304,0)),"")) | E15: =IF($G15="","",IFERROR(INDEX(CLIENTI!E$5:E$304,MATCH($G15,CLIENTI!$T$5:$T$304,0)),"")) | F15: =IF($G15="","",IFERROR(INDEX(CLIENTI!F$5:F$304,MATCH($G15,CLIENTI!$T$5:$T$304,0)),"")) | G15: =IFERROR(SMALL(CLIENTI!$T$5:$T$304,ROW()-4),"")
A16: =IF($G16="","",IFERROR(INDEX(CLIENTI!A$5:A$304,MATCH($G16,CLIENTI!$T$5:$T$304,0)),"")) | B16: =IF($G16="","",IFERROR(INDEX(CLIENTI!B$5:B$304,MATCH($G16,CLIENTI!$T$5:$T$304,0)),"")) | C16: =IF($G16="","",IFERROR(INDEX(CLIENTI!C$5:C$304,MATCH($G16,CLIENTI!$T$5:$T$304,0)),"")) | D16: =IF($G16="","",IFERROR(INDEX(CLIENTI!D$5:D$304,MATCH($G16,CLIENTI!$T$5:$T$304,0)),"")) | E16: =IF($G16="","",IFERROR(INDEX(CLIENTI!E$5:E$304,MATCH($G16,CLIENTI!$T$5:$T$304,0)),"")) | F16: =IF($G16="","",IFERROR(INDEX(CLIENTI!F$5:F$304,MATCH($G16,CLIENTI!$T$5:$T$304,0)),"")) | G16: =IFERROR(SMALL(CLIENTI!$T$5:$T$304,ROW()-4),"")
... A34: =IF($G34="","",IFERROR(INDEX(CLIENTI!A$5:A$304,MATCH($G34,CLIENTI!$T$5:$T$304,0)),"")) | B34: =IF($G34="","",IFERROR(INDEX(CLIENTI!B$5:B$304,MATCH($G34,CLIENTI!$T$5:$T$304,0)),"")) | C34: =IF($G34="","",IFERROR(INDEX(CLIENTI!C$5:C$304,MATCH($G34,CLIENTI!$T$5:$T$304,0)),"")) | D34: =IF($G34="","",IFERROR(INDEX(CLIENTI!D$5:D$304,MATCH($G34,CLIENTI!$T$5:$T$304,0)),"")) | E34: =IF($G34="","",IFERROR(INDEX(CLIENTI!E$5:E$304,MATCH($G34,CLIENTI!$T$5:$T$304,0)),"")) | F34: =IF($G34="","",IFERROR(INDEX(CLIENTI!F$5:F$304,MATCH($G34,CLIENTI!$T$5:$T$304,0)),"")) | G34: =IFERROR(SMALL(CLIENTI!$T$5:$T$304,ROW()-4),"")
A36: Se qui non c'è nessuno, oggi non deve chiamare nessuno.

Sheet CLIENTI
B2: CLIENTI — la rubrica
B3: Giallo = lo scrivi tu · Grigio = si calcola da solo
A4: Nome | B4: COSA FARE OGGI | C4: Prossimo appuntamento | D4: Sedute fatte | E4: Stato | F4: Promemoria | G4: Telefono | H4: Zona | I4: Ultima seduta | J4: Giorni dall'ultima | K4: Giorni al prossimo | L4: Sedute | M4: Offerta da usare | N4: Prezzo a seduta € | O4: Valore lasciato € | P4: Ancora da fare € | Q4: Inserita il | R4: Note | S4: avviso (servizio) | T4: ordine (servizio)
A5: Maria Rossi (esempio) | B5: =IF($S5="","",IFERROR(MATCH($S5,IMPOSTAZIONI!$F$5:$F$12,0),9)&" · "&$S5) | C5: 46261 | D5: 7 | E5: In ciclo | F5: =IF($A5="","",IF(LEN(IF(AND($C5<>"",$C5=TODAY())," · oggi in centro","")&IF(AND($C5<>"",$C5>=TODAY(),N($D5)+1>=IMPOSTAZIONI!$C$5)," · ultima del ciclo, proponi il mantenimento","")&IF(AND($C5<>"",$C5>=TODAY(),$I5<>"",$C5-$I5<IMPOSTAZIONI!$C$6)," · rientro anticipato, meno di "&IMPOSTAZIONI!$C$6&" giorni","")&IF(AND($C5<>"",$C5>=TODAY(),$I5<>"",$C5-$I5>IMPOSTAZIONI!$C$7)," · rientro oltre "&IMPOSTAZIONI!$C$7&" giorni",""))=0,"",MID(IF(AND($C5<>"",$C5=TODAY())," · oggi in centro","")&IF(AND($C5<>"",$C5>=TODAY(),N($D5)+1>=IMPOSTAZIONI!$C$5)," · ultima del ciclo, proponi il mantenimento","")&IF(AND($C5<>"",$C5>=TODAY(),$I5<>"",$C5-$I5<IMPOSTAZIONI!$C$6)," · rientro anticipato, meno di "&IMPOSTAZIONI!$C$6&" giorni","")&IF(AND($C5<>"",$C5>=TODAY(),$I5<>"",$C5-$I5>IMPOSTAZIONI!$C$7)," · rientro oltre "&IMPOSTAZIONI!$C$7&" giorni",""),4,300))) | G5: 3391234567 | H5: ascelle | I5: 46234 | J5: =IF($I5="","",TODAY()-$I5) | K5: =IF($C5="","",$C5-TODAY()) | L5: =IF($A5="","",N($D5)&"/"&IMPOSTAZIONI!$C$5) | M5: =IF($S5="","",IF($S5="RECUPERA CON INCENTIVO",INCENTIVI!$C$7,IF($S5="RICHIAMO MANTENIMENTO",INCENTIVI!$C$6,IF(OR($S5="FUORI FINESTRA",$S5="ULTIMA SEDUTA"),INCENTIVI!$C$5,"")))) | N5: 45 | O5: =IF($A5="","",N($D5)*N($N5)) | P5: =IF($A5="","",MAX(0,(IMPOSTAZIONI!$C$5-N($D5))*N($N5))) | Q5: 46078 | R5: fototipo III · niente sole prima della seduta | S5: =IF($A5="","",IF(AND($C5<>"",$C5<TODAY(),OR($I5="",$I5<$C5)),"APPUNTAMENTO SALTATO",IF(AND($C5<>"",$C5-TODAY()=1),"CONFERMA DOMANI",IF(AND($C5<>"",$C5-TODAY()=IMPOSTAZIONI!$C$8),"CHIAMA PER CONFERMA",IF(AND($C5<>"",$C5>=TODAY()),"",IF($E5="Sospesa","",IF($E5="Persa","RECUPERA CON INCENTIVO",IF(AND($I5<>"",TODAY()>=EDATE($I5,IMPOSTAZIONI!$C$10)),"RECUPERA CON INCENTIVO",IF($E5="Mantenimento",IF(AND($I5<>"",TODAY()-$I5>=IMPOSTAZIONI!$C$9),"RICHIAMO MANTENIMENTO",""),IF($E5="In ciclo",IF(N($D5)>=IMPOSTAZIONI!$C$5,"ULTIMA SEDUTA",IF(AND($I5<>"",TODAY()-$I5>IMPOSTAZIONI!$C$7),"FUORI FINESTRA","PRENDI APPUNTAMENTO")),IF($E5="Da contattare","PRENDI APPUNTAMENTO",""))))))))))) | T5: =IF($S5="","",IFERROR(MATCH($S5,IMPOSTAZIONI!$F$5:$F$12,0),9)*100000000+(9999-MIN(9999,ROUND(N($O5)/100,0)))*10000+ROW())
B6: =IF($S6="","",IFERROR(MATCH($S6,IMPOSTAZIONI!$F$5:$F$12,0),9)&" · "&$S6) | F6: =IF($A6="","",IF(LEN(IF(AND($C6<>"",$C6=TODAY())," · oggi in centro","")&IF(AND($C6<>"",$C6>=TODAY(),N($D6)+1>=IMPOSTAZIONI!$C$5)," · ultima del ciclo, proponi il mantenimento","")&IF(AND($C6<>"",$C6>=TODAY(),$I6<>"",$C6-$I6<IMPOSTAZIONI!$C$6)," · rientro anticipato, meno di "&IMPOSTAZIONI!$C$6&" giorni","")&IF(AND($C6<>"",$C6>=TODAY(),$I6<>"",$C6-$I6>IMPOSTAZIONI!$C$7)," · rientro oltre "&IMPOSTAZIONI!$C$7&" giorni",""))=0,"",MID(IF(AND($C6<>"",$C6=TODAY())," · oggi in centro","")&IF(AND($C6<>"",$C6>=TODAY(),N($D6)+1>=IMPOSTAZIONI!$C$5)," · ultima del ciclo, proponi il mantenimento","")&IF(AND($C6<>"",$C6>=TODAY(),$I6<>"",$C6-$I6<IMPOSTAZIONI!$C$6)," · rientro anticipato, meno di "&IMPOSTAZIONI!$C$6&" giorni","")&IF(AND($C6<>"",$C6>=TODAY(),$I6<>"",$C6-$I6>IMPOSTAZIONI!$C$7)," · rientro oltre "&IMPOSTAZIONI!$C$7&" giorni",""),4,300))) | J6: =IF($I6="","",TODAY()-$I6) | K6: =IF($C6="","",$C6-TODAY()) | L6: =IF($A6="","",N($D6)&"/"&IMPOSTAZIONI!$C$5) | M6: =IF($S6="","",IF($S6="RECUPERA CON INCENTIVO",INCENTIVI!$C$7,IF($S6="RICHIAMO MANTENIMENTO",INCENTIVI!$C$6,IF(OR($S6="FUORI FINESTRA",$S6="ULTIMA SEDUTA"),INCENTIVI!$C$5,"")))) | O6: =IF($A6="","",N($D6)*N($N6)) | P6: =IF($A6="","",MAX(0,(IMPOSTAZIONI!$C$5-N($D6))*N($N6))) | S6: =IF($A6="","",IF(AND($C6<>"",$C6<TODAY(),OR($I6="",$I6<$C6)),"APPUNTAMENTO SALTATO",IF(AND($C6<>"",$C6-TODAY()=1),"CONFERMA DOMANI",IF(AND($C6<>"",$C6-TODAY()=IMPOSTAZIONI!$C$8),"CHIAMA PER CONFERMA",IF(AND($C6<>"",$C6>=TODAY()),"",IF($E6="Sospesa","",IF($E6="Persa","RECUPERA CON INCENTIVO",IF(AND($I6<>"",TODAY()>=EDATE($I6,IMPOSTAZIONI!$C$10)),"RECUPERA CON INCENTIVO",IF($E6="Mantenimento",IF(AND($I6<>"",TODAY()-$I6>=IMPOSTAZIONI!$C$9),"RICHIAMO MANTENIMENTO",""),IF($E6="In ciclo",IF(N($D6)>=IMPOSTAZIONI!$C$5,"ULTIMA SEDUTA",IF(AND($I6<>"",TODAY()-$I6>IMPOSTAZIONI!$C$7),"FUORI FINESTRA","PRENDI APPUNTAMENTO")),IF($E6="Da contattare","PRENDI APPUNTAMENTO",""))))))))))) | T6: =IF($S6="","",IFERROR(MATCH($S6,IMPOSTAZIONI!$F$5:$F$12,0),9)*100000000+(9999-MIN(9999,ROUND(N($O6)/100,0)))*10000+ROW())
B7: =IF($S7="","",IFERROR(MATCH($S7,IMPOSTAZIONI!$F$5:$F$12,0),9)&" · "&$S7) | F7: =IF($A7="","",IF(LEN(IF(AND($C7<>"",$C7=TODAY())," · oggi in centro","")&IF(AND($C7<>"",$C7>=TODAY(),N($D7)+1>=IMPOSTAZIONI!$C$5)," · ultima del ciclo, proponi il mantenimento","")&IF(AND($C7<>"",$C7>=TODAY(),$I7<>"",$C7-$I7<IMPOSTAZIONI!$C$6)," · rientro anticipato, meno di "&IMPOSTAZIONI!$C$6&" giorni","")&IF(AND($C7<>"",$C7>=TODAY(),$I7<>"",$C7-$I7>IMPOSTAZIONI!$C$7)," · rientro oltre "&IMPOSTAZIONI!$C$7&" giorni",""))=0,"",MID(IF(AND($C7<>"",$C7=TODAY())," · oggi in centro","")&IF(AND($C7<>"",$C7>=TODAY(),N($D7)+1>=IMPOSTAZIONI!$C$5)," · ultima del ciclo, proponi il mantenimento","")&IF(AND($C7<>"",$C7>=TODAY(),$I7<>"",$C7-$I7<IMPOSTAZIONI!$C$6)," · rientro anticipato, meno di "&IMPOSTAZIONI!$C$6&" giorni","")&IF(AND($C7<>"",$C7>=TODAY(),$I7<>"",$C7-$I7>IMPOSTAZIONI!$C$7)," · rientro oltre "&IMPOSTAZIONI!$C$7&" giorni",""),4,300))) | J7: =IF($I7="","",TODAY()-$I7) | K7: =IF($C7="","",$C7-TODAY()) | L7: =IF($A7="","",N($D7)&"/"&IMPOSTAZIONI!$C$5) | M7: =IF($S7="","",IF($S7="RECUPERA CON INCENTIVO",INCENTIVI!$C$7,IF($S7="RICHIAMO MANTENIMENTO",INCENTIVI!$C$6,IF(OR($S7="FUORI FINESTRA",$S7="ULTIMA SEDUTA"),INCENTIVI!$C$5,"")))) | O7: =IF($A7="","",N($D7)*N($N7)) | P7: =IF($A7="","",MAX(0,(IMPOSTAZIONI!$C$5-N($D7))*N($N7))) | S7: =IF($A7="","",IF(AND($C7<>"",$C7<TODAY(),OR($I7="",$I7<$C7)),"APPUNTAMENTO SALTATO",IF(AND($C7<>"",$C7-TODAY()=1),"CONFERMA DOMANI",IF(AND($C7<>"",$C7-TODAY()=IMPOSTAZIONI!$C$8),"CHIAMA PER CONFERMA",IF(AND($C7<>"",$C7>=TODAY()),"",IF($E7="Sospesa","",IF($E7="Persa","RECUPERA CON INCENTIVO",IF(AND($I7<>"",TODAY()>=EDATE($I7,IMPOSTAZIONI!$C$10)),"RECUPERA CON INCENTIVO",IF($E7="Mantenimento",IF(AND($I7<>"",TODAY()-$I7>=IMPOSTAZIONI!$C$9),"RICHIAMO MANTENIMENTO",""),IF($E7="In ciclo",IF(N($D7)>=IMPOSTAZIONI!$C$5,"ULTIMA SEDUTA",IF(AND($I7<>"",TODAY()-$I7>IMPOSTAZIONI!$C$7),"FUORI FINESTRA","PRENDI APPUNTAMENTO")),IF($E7="Da contattare","PRENDI APPUNTAMENTO",""))))))))))) | T7: =IF($S7="","",IFERROR(MATCH($S7,IMPOSTAZIONI!$F$5:$F$12,0),9)*100000000+(9999-MIN(9999,ROUND(N($O7)/100,0)))*10000+ROW())
B8: =IF($S8="","",IFERROR(MATCH($S8,IMPOSTAZIONI!$F$5:$F$12,0),9)&" · "&$S8) | F8: =IF($A8="","",IF(LEN(IF(AND($C8<>"",$C8=TODAY())," · oggi in centro","")&IF(AND($C8<>"",$C8>=TODAY(),N($D8)+1>=IMPOSTAZIONI!$C$5)," · ultima del ciclo, proponi il mantenimento","")&IF(AND($C8<>"",$C8>=TODAY(),$I8<>"",$C8-$I8<IMPOSTAZIONI!$C$6)," · rientro anticipato, meno di "&IMPOSTAZIONI!$C$6&" giorni","")&IF(AND($C8<>"",$C8>=TODAY(),$I8<>"",$C8-$I8>IMPOSTAZIONI!$C$7)," · rientro oltre "&IMPOSTAZIONI!$C$7&" giorni",""))=0,"",MID(IF(AND($C8<>"",$C8=TODAY())," · oggi in centro","")&IF(AND($C8<>"",$C8>=TODAY(),N($D8)+1>=IMPOSTAZIONI!$C$5)," · ultima del ciclo, proponi il mantenimento","")&IF(AND($C8<>"",$C8>=TODAY(),$I8<>"",$C8-$I8<IMPOSTAZIONI!$C$6)," · rientro anticipato, meno di "&IMPOSTAZIONI!$C$6&" giorni","")&IF(AND($C8<>"",$C8>=TODAY(),$I8<>"",$C8-$I8>IMPOSTAZIONI!$C$7)," · rientro oltre "&IMPOSTAZIONI!$C$7&" giorni",""),4,300))) | J8: =IF($I8="","",TODAY()-$I8) | K8: =IF($C8="","",$C8-TODAY()) | L8: =IF($A8="","",N($D8)&"/"&IMPOSTAZIONI!$C$5) | M8: =IF($S8="","",IF($S8="RECUPERA CON INCENTIVO",INCENTIVI!$C$7,IF($S8="RICHIAMO MANTENIMENTO",INCENTIVI!$C$6,IF(OR($S8="FUORI FINESTRA",$S8="ULTIMA SEDUTA"),INCENTIVI!$C$5,"")))) | O8: =IF($A8="","",N($D8)*N($N8)) | P8: =IF($A8="","",MAX(0,(IMPOSTAZIONI!$C$5-N($D8))*N($N8))) | S8: =IF($A8="","",IF(AND($C8<>"",$C8<TODAY(),OR($I8="",$I8<$C8)),"APPUNTAMENTO SALTATO",IF(AND($C8<>"",$C8-TODAY()=1),"CONFERMA DOMANI",IF(AND($C8<>"",$C8-TODAY()=IMPOSTAZIONI!$C$8),"CHIAMA PER CONFERMA",IF(AND($C8<>"",$C8>=TODAY()),"",IF($E8="Sospesa","",IF($E8="Persa","RECUPERA CON INCENTIVO",IF(AND($I8<>"",TODAY()>=EDATE($I8,IMPOSTAZIONI!$C$10)),"RECUPERA CON INCENTIVO",IF($E8="Mantenimento",IF(AND($I8<>"",TODAY()-$I8>=IMPOSTAZIONI!$C$9),"RICHIAMO MANTENIMENTO",""),IF($E8="In ciclo",IF(N($D8)>=IMPOSTAZIONI!$C$5,"ULTIMA SEDUTA",IF(AND($I8<>"",TODAY()-$I8>IMPOSTAZIONI!$C$7),"FUORI FINESTRA","PRENDI APPUNTAMENTO")),IF($E8="Da contattare","PRENDI APPUNTAMENTO",""))))))))))) | T8: =IF($S8="","",IFERROR(MATCH($S8,IMPOSTAZIONI!$F$5:$F$12,0),9)*100000000+(9999-MIN(9999,ROUND(N($O8)/100,0)))*10000+ROW())
B9: =IF($S9="","",IFERROR(MATCH($S9,IMPOSTAZIONI!$F$5:$F$12,0),9)&" · "&$S9) | F9: =IF($A9="","",IF(LEN(IF(AND($C9<>"",$C9=TODAY())," · oggi in centro","")&IF(AND($C9<>"",$C9>=TODAY(),N($D9)+1>=IMPOSTAZIONI!$C$5)," · ultima del ciclo, proponi il mantenimento","")&IF(AND($C9<>"",$C9>=TODAY(),$I9<>"",$C9-$I9<IMPOSTAZIONI!$C$6)," · rientro anticipato, meno di "&IMPOSTAZIONI!$C$6&" giorni","")&IF(AND($C9<>"",$C9>=TODAY(),$I9<>"",$C9-$I9>IMPOSTAZIONI!$C$7)," · rientro oltre "&IMPOSTAZIONI!$C$7&" giorni",""))=0,"",MID(IF(AND($C9<>"",$C9=TODAY())," · oggi in centro","")&IF(AND($C9<>"",$C9>=TODAY(),N($D9)+1>=IMPOSTAZIONI!$C$5)," · ultima del ciclo, proponi il mantenimento","")&IF(AND($C9<>"",$C9>=TODAY(),$I9<>"",$C9-$I9<IMPOSTAZIONI!$C$6)," · rientro anticipato, meno di "&IMPOSTAZIONI!$C$6&" giorni","")&IF(AND($C9<>"",$C9>=TODAY(),$I9<>"",$C9-$I9>IMPOSTAZIONI!$C$7)," · rientro oltre "&IMPOSTAZIONI!$C$7&" giorni",""),4,300))) | J9: =IF($I9="","",TODAY()-$I9) | K9: =IF($C9="","",$C9-TODAY()) | L9: =IF($A9="","",N($D9)&"/"&IMPOSTAZIONI!$C$5) | M9: =IF($S9="","",IF($S9="RECUPERA CON INCENTIVO",INCENTIVI!$C$7,IF($S9="RICHIAMO MANTENIMENTO",INCENTIVI!$C$6,IF(OR($S9="FUORI FINESTRA",$S9="ULTIMA SEDUTA"),INCENTIVI!$C$5,"")))) | O9: =IF($A9="","",N($D9)*N($N9)) | P9: =IF($A9="","",MAX(0,(IMPOSTAZIONI!$C$5-N($D9))*N($N9))) | S9: =IF($A9="","",IF(AND($C9<>"",$C9<TODAY(),OR($I9="",$I9<$C9)),"APPUNTAMENTO SALTATO",IF(AND($C9<>"",$C9-TODAY()=1),"CONFERMA DOMANI",IF(AND($C9<>"",$C9-TODAY()=IMPOSTAZIONI!$C$8),"CHIAMA PER CONFERMA",IF(AND($C9<>"",$C9>=TODAY()),"",IF($E9="Sospesa","",IF($E9="Persa","RECUPERA CON INCENTIVO",IF(AND($I9<>"",TODAY()>=EDATE($I9,IMPOSTAZIONI!$C$10)),"RECUPERA CON INCENTIVO",IF($E9="Mantenimento",IF(AND($I9<>"",TODAY()-$I9>=IMPOSTAZIONI!$C$9),"RICHIAMO MANTENIMENTO",""),IF($E9="In ciclo",IF(N($D9)>=IMPOSTAZIONI!$C$5,"ULTIMA SEDUTA",IF(AND($I9<>"",TODAY()-$I9>IMPOSTAZIONI!$C$7),"FUORI FINESTRA","PRENDI APPUNTAMENTO")),IF($E9="Da contattare","PRENDI APPUNTAMENTO",""))))))))))) | T9: =IF($S9="","",IFERROR(MATCH($S9,IMPOSTAZIONI!$F$5:$F$12,0),9)*100000000+(9999-MIN(9999,ROUND(N($O9)/100,0)))*10000+ROW())
B10: =IF($S10="","",IFERROR(MATCH($S10,IMPOSTAZIONI!$F$5:$F$12,0),9)&" · "&$S10) | F10: =IF($A10="","",IF(LEN(IF(AND($C10<>"",$C10=TODAY())," · oggi in centro","")&IF(AND($C10<>"",$C10>=TODAY(),N($D10)+1>=IMPOSTAZIONI!$C$5)," · ultima del ciclo, proponi il mantenimento","")&IF(AND($C10<>"",$C10>=TODAY(),$I10<>"",$C10-$I10<IMPOSTAZIONI!$C$6)," · rientro anticipato, meno di "&IMPOSTAZIONI!$C$6&" giorni","")&IF(AND($C10<>"",$C10>=TODAY(),$I10<>"",$C10-$I10>IMPOSTAZIONI!$C$7)," · rientro oltre "&IMPOSTAZIONI!$C$7&" giorni",""))=0,"",MID(IF(AND($C10<>"",$C10=TODAY())," · oggi in centro","")&IF(AND($C10<>"",$C10>=TODAY(),N($D10)+1>=IMPOSTAZIONI!$C$5)," · ultima del ciclo, proponi il mantenimento","")&IF(AND($C10<>"",$C10>=TODAY(),$I10<>"",$C10-$I10<IMPOSTAZIONI!$C$6)," · rientro anticipato, meno di "&IMPOSTAZIONI!$C$6&" giorni","")&IF(AND($C10<>"",$C10>=TODAY(),$I10<>"",$C10-$I10>IMPOSTAZIONI!$C$7)," · rientro oltre "&IMPOSTAZIONI!$C$7&" giorni",""),4,300))) | J10: =IF($I10="","",TODAY()-$I10) | K10: =IF($C10="","",$C10-TODAY()) | L10: =IF($A10="","",N($D10)&"/"&IMPOSTAZIONI!$C$5) | M10: =IF($S10="","",IF($S10="RECUPERA CON INCENTIVO",INCENTIVI!$C$7,IF($S10="RICHIAMO MANTENIMENTO",INCENTIVI!$C$6,IF(OR($S10="FUORI FINESTRA",$S10="ULTIMA SEDUTA"),INCENTIVI!$C$5,"")))) | O10: =IF($A10="","",N($D10)*N($N10)) | P10: =IF($A10="","",MAX(0,(IMPOSTAZIONI!$C$5-N($D10))*N($N10))) | S10: =IF($A10="","",IF(AND($C10<>"",$C10<TODAY(),OR($I10="",$I10<$C10)),"APPUNTAMENTO SALTATO",IF(AND($C10<>"",$C10-TODAY()=1),"CONFERMA DOMANI",IF(AND($C10<>"",$C10-TODAY()=IMPOSTAZIONI!$C$8),"CHIAMA PER CONFERMA",IF(AND($C10<>"",$C10>=TODAY()),"",IF($E10="Sospesa","",IF($E10="Persa","RECUPERA CON INCENTIVO",IF(AND($I10<>"",TODAY()>=EDATE($I10,IMPOSTAZIONI!$C$10)),"RECUPERA CON INCENTIVO",IF($E10="Mantenimento",IF(AND($I10<>"",TODAY()-$I10>=IMPOSTAZIONI!$C$9),"RICHIAMO MANTENIMENTO",""),IF($E10="In ciclo",IF(N($D10)>=IMPOSTAZIONI!$C$5,"ULTIMA SEDUTA",IF(AND($I10<>"",TODAY()-$I10>IMPOSTAZIONI!$C$7),"FUORI FINESTRA","PRENDI APPUNTAMENTO")),IF($E10="Da contattare","PRENDI APPUNTAMENTO",""))))))))))) | T10: =IF($S10="","",IFERROR(MATCH($S10,IMPOSTAZIONI!$F$5:$F$12,0),9)*100000000+(9999-MIN(9999,ROUND(N($O10)/100,0)))*10000+ROW())
B11: =IF($S11="","",IFERROR(MATCH($S11,IMPOSTAZIONI!$F$5:$F$12,0),9)&" · "&$S11) | F11: =IF($A11="","",IF(LEN(IF(AND($C11<>"",$C11=TODAY())," · oggi in centro","")&IF(AND($C11<>"",$C11>=TODAY(),N($D11)+1>=IMPOSTAZIONI!$C$5)," · ultima del ciclo, proponi il mantenimento","")&IF(AND($C11<>"",$C11>=TODAY(),$I11<>"",$C11-$I11<IMPOSTAZIONI!$C$6)," · rientro anticipato, meno di "&IMPOSTAZIONI!$C$6&" giorni","")&IF(AND($C11<>"",$C11>=TODAY(),$I11<>"",$C11-$I11>IMPOSTAZIONI!$C$7)," · rientro oltre "&IMPOSTAZIONI!$C$7&" giorni",""))=0,"",MID(IF(AND($C11<>"",$C11=TODAY())," · oggi in centro","")&IF(AND($C11<>"",$C11>=TODAY(),N($D11)+1>=IMPOSTAZIONI!$C$5)," · ultima del ciclo, proponi il mantenimento","")&IF(AND($C11<>"",$C11>=TODAY(),$I11<>"",$C11-$I11<IMPOSTAZIONI!$C$6)," · rientro anticipato, meno di "&IMPOSTAZIONI!$C$6&" giorni","")&IF(AND($C11<>"",$C11>=TODAY(),$I11<>"",$C11-$I11>IMPOSTAZIONI!$C$7)," · rientro oltre "&IMPOSTAZIONI!$C$7&" giorni",""),4,300))) | J11: =IF($I11="","",TODAY()-$I11) | K11: =IF($C11="","",$C11-TODAY()) | L11: =IF($A11="","",N($D11)&"/"&IMPOSTAZIONI!$C$5) | M11: =IF($S11="","",IF($S11="RECUPERA CON INCENTIVO",INCENTIVI!$C$7,IF($S11="RICHIAMO MANTENIMENTO",INCENTIVI!$C$6,IF(OR($S11="FUORI FINESTRA",$S11="ULTIMA SEDUTA"),INCENTIVI!$C$5,"")))) | O11: =IF($A11="","",N($D11)*N($N11)) | P11: =IF($A11="","",MAX(0,(IMPOSTAZIONI!$C$5-N($D11))*N($N11))) | S11: =IF($A11="","",IF(AND($C11<>"",$C11<TODAY(),OR($I11="",$I11<$C11)),"APPUNTAMENTO SALTATO",IF(AND($C11<>"",$C11-TODAY()=1),"CONFERMA DOMANI",IF(AND($C11<>"",$C11-TODAY()=IMPOSTAZIONI!$C$8),"CHIAMA PER CONFERMA",IF(AND($C11<>"",$C11>=TODAY()),"",IF($E11="Sospesa","",IF($E11="Persa","RECUPERA CON INCENTIVO",IF(AND($I11<>"",TODAY()>=EDATE($I11,IMPOSTAZIONI!$C$10)),"RECUPERA CON INCENTIVO",IF($E11="Mantenimento",IF(AND($I11<>"",TODAY()-$I11>=IMPOSTAZIONI!$C$9),"RICHIAMO MANTENIMENTO",""),IF($E11="In ciclo",IF(N($D11)>=IMPOSTAZIONI!$C$5,"ULTIMA SEDUTA",IF(AND($I11<>"",TODAY()-$I11>IMPOSTAZIONI!$C$7),"FUORI FINESTRA","PRENDI APPUNTAMENTO")),IF($E11="Da contattare","PRENDI APPUNTAMENTO",""))))))))))) | T11: =IF($S11="","",IFERROR(MATCH($S11,IMPOSTAZIONI!$F$5:$F$12,0),9)*100000000+(9999-MIN(9999,ROUND(N($O11)/100,0)))*10000+ROW())
B12: =IF($S12="","",IFERROR(MATCH($S12,IMPOSTAZIONI!$F$5:$F$12,0),9)&" · "&$S12) | F12: =IF($A12="","",IF(LEN(IF(AND($C12<>"",$C12=TODAY())," · oggi in centro","")&IF(AND($C12<>"",$C12>=TODAY(),N($D12)+1>=IMPOSTAZIONI!$C$5)," · ultima del ciclo, proponi il mantenimento","")&IF(AND($C12<>"",$C12>=TODAY(),$I12<>"",$C12-$I12<IMPOSTAZIONI!$C$6)," · rientro anticipato, meno di "&IMPOSTAZIONI!$C$6&" giorni","")&IF(AND($C12<>"",$C12>=TODAY(),$I12<>"",$C12-$I12>IMPOSTAZIONI!$C$7)," · rientro oltre "&IMPOSTAZIONI!$C$7&" giorni",""))=0,"",MID(IF(AND($C12<>"",$C12=TODAY())," · oggi in centro","")&IF(AND($C12<>"",$C12>=TODAY(),N($D12)+1>=IMPOSTAZIONI!$C$5)," · ultima del ciclo, proponi il mantenimento","")&IF(AND($C12<>"",$C12>=TODAY(),$I12<>"",$C12-$I12<IMPOSTAZIONI!$C$6)," · rientro anticipato, meno di "&IMPOSTAZIONI!$C$6&" giorni","")&IF(AND($C12<>"",$C12>=TODAY(),$I12<>"",$C12-$I12>IMPOSTAZIONI!$C$7)," · rientro oltre "&IMPOSTAZIONI!$C$7&" giorni",""),4,300))) | J12: =IF($I12="","",TODAY()-$I12) | K12: =IF($C12="","",$C12-TODAY()) | L12: =IF($A12="","",N($D12)&"/"&IMPOSTAZIONI!$C$5) | M12: =IF($S12="","",IF($S12="RECUPERA CON INCENTIVO",INCENTIVI!$C$7,IF($S12="RICHIAMO MANTENIMENTO",INCENTIVI!$C$6,IF(OR($S12="FUORI FINESTRA",$S12="ULTIMA SEDUTA"),INCENTIVI!$C$5,"")))) | O12: =IF($A12="","",N($D12)*N($N12)) | P12: =IF($A12="","",MAX(0,(IMPOSTAZIONI!$C$5-N($D12))*N($N12))) | S12: =IF($A12="","",IF(AND($C12<>"",$C12<TODAY(),OR($I12="",$I12<$C12)),"APPUNTAMENTO SALTATO",IF(AND($C12<>"",$C12-TODAY()=1),"CONFERMA DOMANI",IF(AND($C12<>"",$C12-TODAY()=IMPOSTAZIONI!$C$8),"CHIAMA PER CONFERMA",IF(AND($C12<>"",$C12>=TODAY()),"",IF($E12="Sospesa","",IF($E12="Persa","RECUPERA CON INCENTIVO",IF(AND($I12<>"",TODAY()>=EDATE($I12,IMPOSTAZIONI!$C$10)),"RECUPERA CON INCENTIVO",IF($E12="Mantenimento",IF(AND($I12<>"",TODAY()-$I12>=IMPOSTAZIONI!$C$9),"RICHIAMO MANTENIMENTO",""),IF($E12="In ciclo",IF(N($D12)>=IMPOSTAZIONI!$C$5,"ULTIMA SEDUTA",IF(AND($I12<>"",TODAY()-$I12>IMPOSTAZIONI!$C$7),"FUORI FINESTRA","PRENDI APPUNTAMENTO")),IF($E12="Da contattare","PRENDI APPUNTAMENTO",""))))))))))) | T12: =IF($S12="","",IFERROR(MATCH($S12,IMPOSTAZIONI!$F$5:$F$12,0),9)*100000000+(9999-MIN(9999,ROUND(N($O12)/100,0)))*10000+ROW())
B13: =IF($S13="","",IFERROR(MATCH($S13,IMPOSTAZIONI!$F$5:$F$12,0),9)&" · "&$S13) | F13: =IF($A13="","",IF(LEN(IF(AND($C13<>"",$C13=TODAY())," · oggi in centro","")&IF(AND($C13<>"",$C13>=TODAY(),N($D13)+1>=IMPOSTAZIONI!$C$5)," · ultima del ciclo, proponi il mantenimento","")&IF(AND($C13<>"",$C13>=TODAY(),$I13<>"",$C13-$I13<IMPOSTAZIONI!$C$6)," · rientro anticipato, meno di "&IMPOSTAZIONI!$C$6&" giorni","")&IF(AND($C13<>"",$C13>=TODAY(),$I13<>"",$C13-$I13>IMPOSTAZIONI!$C$7)," · rientro oltre "&IMPOSTAZIONI!$C$7&" giorni",""))=0,"",MID(IF(AND($C13<>"",$C13=TODAY())," · oggi in centro","")&IF(AND($C13<>"",$C13>=TODAY(),N($D13)+1>=IMPOSTAZIONI!$C$5)," · ultima del ciclo, proponi il mantenimento","")&IF(AND($C13<>"",$C13>=TODAY(),$I13<>"",$C13-$I13<IMPOSTAZIONI!$C$6)," · rientro anticipato, meno di "&IMPOSTAZIONI!$C$6&" giorni","")&IF(AND($C13<>"",$C13>=TODAY(),$I13<>"",$C13-$I13>IMPOSTAZIONI!$C$7)," · rientro oltre "&IMPOSTAZIONI!$C$7&" giorni",""),4,300))) | J13: =IF($I13="","",TODAY()-$I13) | K13: =IF($C13="","",$C13-TODAY()) | L13: =IF($A13="","",N($D13)&"/"&IMPOSTAZIONI!$C$5) | M13: =IF($S13="","",IF($S13="RECUPERA CON INCENTIVO",INCENTIVI!$C$7,IF($S13="RICHIAMO MANTENIMENTO",INCENTIVI!$C$6,IF(OR($S13="FUORI FINESTRA",$S13="ULTIMA SEDUTA"),INCENTIVI!$C$5,"")))) | O13: =IF($A13="","",N($D13)*N($N13)) | P13: =IF($A13="","",MAX(0,(IMPOSTAZIONI!$C$5-N($D13))*N($N13))) | S13: =IF($A13="","",IF(AND($C13<>"",$C13<TODAY(),OR($I13="",$I13<$C13)),"APPUNTAMENTO SALTATO",IF(AND($C13<>"",$C13-TODAY()=1),"CONFERMA DOMANI",IF(AND($C13<>"",$C13-TODAY()=IMPOSTAZIONI!$C$8),"CHIAMA PER CONFERMA",IF(AND($C13<>"",$C13>=TODAY()),"",IF($E13="Sospesa","",IF($E13="Persa","RECUPERA CON INCENTIVO",IF(AND($I13<>"",TODAY()>=EDATE($I13,IMPOSTAZIONI!$C$10)),"RECUPERA CON INCENTIVO",IF($E13="Mantenimento",IF(AND($I13<>"",TODAY()-$I13>=IMPOSTAZIONI!$C$9),"RICHIAMO MANTENIMENTO",""),IF($E13="In ciclo",IF(N($D13)>=IMPOSTAZIONI!$C$5,"ULTIMA SEDUTA",IF(AND($I13<>"",TODAY()-$I13>IMPOSTAZIONI!$C$7),"FUORI FINESTRA","PRENDI APPUNTAMENTO")),IF($E13="Da contattare","PRENDI APPUNTAMENTO",""))))))))))) | T13: =IF($S13="","",IFERROR(MATCH($S13,IMPOSTAZIONI!$F$5:$F$12,0),9)*100000000+(9999-MIN(9999,ROUND(N($O13)/100,0)))*10000+ROW())
B14: =IF($S14="","",IFERROR(MATCH($S14,IMPOSTAZIONI!$F$5:$F$12,0),9)&" · "&$S14) | F14: =IF($A14="","",IF(LEN(IF(AND($C14<>"",$C14=TODAY())," · oggi in centro","")&IF(AND($C14<>"",$C14>=TODAY(),N($D14)+1>=IMPOSTAZIONI!$C$5)," · ultima del ciclo, proponi il mantenimento","")&IF(AND($C14<>"",$C14>=TODAY(),$I14<>"",$C14-$I14<IMPOSTAZIONI!$C$6)," · rientro anticipato, meno di "&IMPOSTAZIONI!$C$6&" giorni","")&IF(AND($C14<>"",$C14>=TODAY(),$I14<>"",$C14-$I14>IMPOSTAZIONI!$C$7)," · rientro oltre "&IMPOSTAZIONI!$C$7&" giorni",""))=0,"",MID(IF(AND($C14<>"",$C14=TODAY())," · oggi in centro","")&IF(AND($C14<>"",$C14>=TODAY(),N($D14)+1>=IMPOSTAZIONI!$C$5)," · ultima del ciclo, proponi il mantenimento","")&IF(AND($C14<>"",$C14>=TODAY(),$I14<>"",$C14-$I14<IMPOSTAZIONI!$C$6)," · rientro anticipato, meno di "&IMPOSTAZIONI!$C$6&" giorni","")&IF(AND($C14<>"",$C14>=TODAY(),$I14<>"",$C14-$I14>IMPOSTAZIONI!$C$7)," · rientro oltre "&IMPOSTAZIONI!$C$7&" giorni",""),4,300))) | J14: =IF($I14="","",TODAY()-$I14) | K14: =IF($C14="","",$C14-TODAY()) | L14: =IF($A14="","",N($D14)&"/"&IMPOSTAZIONI!$C$5) | M14: =IF($S14="","",IF($S14="RECUPERA CON INCENTIVO",INCENTIVI!$C$7,IF($S14="RICHIAMO MANTENIMENTO",INCENTIVI!$C$6,IF(OR($S14="FUORI FINESTRA",$S14="ULTIMA SEDUTA"),INCENTIVI!$C$5,"")))) | O14: =IF($A14="","",N($D14)*N($N14)) | P14: =IF($A14="","",MAX(0,(IMPOSTAZIONI!$C$5-N($D14))*N($N14))) | S14: =IF($A14="","",IF(AND($C14<>"",$C14<TODAY(),OR($I14="",$I14<$C14)),"APPUNTAMENTO SALTATO",IF(AND($C14<>"",$C14-TODAY()=1),"CONFERMA DOMANI",IF(AND($C14<>"",$C14-TODAY()=IMPOSTAZIONI!$C$8),"CHIAMA PER CONFERMA",IF(AND($C14<>"",$C14>=TODAY()),"",IF($E14="Sospesa","",IF($E14="Persa","RECUPERA CON INCENTIVO",IF(AND($I14<>"",TODAY()>=EDATE($I14,IMPOSTAZIONI!$C$10)),"RECUPERA CON INCENTIVO",IF($E14="Mantenimento",IF(AND($I14<>"",TODAY()-$I14>=IMPOSTAZIONI!$C$9),"RICHIAMO MANTENIMENTO",""),IF($E14="In ciclo",IF(N($D14)>=IMPOSTAZIONI!$C$5,"ULTIMA SEDUTA",IF(AND($I14<>"",TODAY()-$I14>IMPOSTAZIONI!$C$7),"FUORI FINESTRA","PRENDI APPUNTAMENTO")),IF($E14="Da contattare","PRENDI APPUNTAMENTO",""))))))))))) | T14: =IF($S14="","",IFERROR(MATCH($S14,IMPOSTAZIONI!$F$5:$F$12,0),9)*100000000+(9999-MIN(9999,ROUND(N($O14)/100,0)))*10000+ROW())
B15: =IF($S15="","",IFERROR(MATCH($S15,IMPOSTAZIONI!$F$5:$F$12,0),9)&" · "&$S15) | F15: =IF($A15="","",IF(LEN(IF(AND($C15<>"",$C15=TODAY())," · oggi in centro","")&IF(AND($C15<>"",$C15>=TODAY(),N($D15)+1>=IMPOSTAZIONI!$C$5)," · ultima del ciclo, proponi il mantenimento","")&IF(AND($C15<>"",$C15>=TODAY(),$I15<>"",$C15-$I15<IMPOSTAZIONI!$C$6)," · rientro anticipato, meno di "&IMPOSTAZIONI!$C$6&" giorni","")&IF(AND($C15<>"",$C15>=TODAY(),$I15<>"",$C15-$I15>IMPOSTAZIONI!$C$7)," · rientro oltre "&IMPOSTAZIONI!$C$7&" giorni",""))=0,"",MID(IF(AND($C15<>"",$C15=TODAY())," · oggi in centro","")&IF(AND($C15<>"",$C15>=TODAY(),N($D15)+1>=IMPOSTAZIONI!$C$5)," · ultima del ciclo, proponi il mantenimento","")&IF(AND($C15<>"",$C15>=TODAY(),$I15<>"",$C15-$I15<IMPOSTAZIONI!$C$6)," · rientro anticipato, meno di "&IMPOSTAZIONI!$C$6&" giorni","")&IF(AND($C15<>"",$C15>=TODAY(),$I15<>"",$C15-$I15>IMPOSTAZIONI!$C$7)," · rientro oltre "&IMPOSTAZIONI!$C$7&" giorni",""),4,300))) | J15: =IF($I15="","",TODAY()-$I15) | K15: =IF($C15="","",$C15-TODAY()) | L15: =IF($A15="","",N($D15)&"/"&IMPOSTAZIONI!$C$5) | M15: =IF($S15="","",IF($S15="RECUPERA CON INCENTIVO",INCENTIVI!$C$7,IF($S15="RICHIAMO MANTENIMENTO",INCENTIVI!$C$6,IF(OR($S15="FUORI FINESTRA",$S15="ULTIMA SEDUTA"),INCENTIVI!$C$5,"")))) | O15: =IF($A15="","",N($D15)*N($N15)) | P15: =IF($A15="","",MAX(0,(IMPOSTAZIONI!$C$5-N($D15))*N($N15))) | S15: =IF($A15="","",IF(AND($C15<>"",$C15<TODAY(),OR($I15="",$I15<$C15)),"APPUNTAMENTO SALTATO",IF(AND($C15<>"",$C15-TODAY()=1),"CONFERMA DOMANI",IF(AND($C15<>"",$C15-TODAY()=IMPOSTAZIONI!$C$8),"CHIAMA PER CONFERMA",IF(AND($C15<>"",$C15>=TODAY()),"",IF($E15="Sospesa","",IF($E15="Persa","RECUPERA CON INCENTIVO",IF(AND($I15<>"",TODAY()>=EDATE($I15,IMPOSTAZIONI!$C$10)),"RECUPERA CON INCENTIVO",IF($E15="Mantenimento",IF(AND($I15<>"",TODAY()-$I15>=IMPOSTAZIONI!$C$9),"RICHIAMO MANTENIMENTO",""),IF($E15="In ciclo",IF(N($D15)>=IMPOSTAZIONI!$C$5,"ULTIMA SEDUTA",IF(AND($I15<>"",TODAY()-$I15>IMPOSTAZIONI!$C$7),"FUORI FINESTRA","PRENDI APPUNTAMENTO")),IF($E15="Da contattare","PRENDI APPUNTAMENTO",""))))))))))) | T15: =IF($S15="","",IFERROR(MATCH($S15,IMPOSTAZIONI!$F$5:$F$12,0),9)*100000000+(9999-MIN(9999,ROUND(N($O15)/100,0)))*10000+ROW())
B16: =IF($S16="","",IFERROR(MATCH($S16,IMPOSTAZIONI!$F$5:$F$12,0),9)&" · "&$S16) | F16: =IF($A16="","",IF(LEN(IF(AND($C16<>"",$C16=TODAY())," · oggi in centro","")&IF(AND($C16<>"",$C16>=TODAY(),N($D16)+1>=IMPOSTAZIONI!$C$5)," · ultima del ciclo, proponi il mantenimento","")&IF(AND($C16<>"",$C16>=TODAY(),$I16<>"",$C16-$I16<IMPOSTAZIONI!$C$6)," · rientro anticipato, meno di "&IMPOSTAZIONI!$C$6&" giorni","")&IF(AND($C16<>"",$C16>=TODAY(),$I16<>"",$C16-$I16>IMPOSTAZIONI!$C$7)," · rientro oltre "&IMPOSTAZIONI!$C$7&" giorni",""))=0,"",MID(IF(AND($C16<>"",$C16=TODAY())," · oggi in centro","")&IF(AND($C16<>"",$C16>=TODAY(),N($D16)+1>=IMPOSTAZIONI!$C$5)," · ultima del ciclo, proponi il mantenimento","")&IF(AND($C16<>"",$C16>=TODAY(),$I16<>"",$C16-$I16<IMPOSTAZIONI!$C$6)," · rientro anticipato, meno di "&IMPOSTAZIONI!$C$6&" giorni","")&IF(AND($C16<>"",$C16>=TODAY(),$I16<>"",$C16-$I16>IMPOSTAZIONI!$C$7)," · rientro oltre "&IMPOSTAZIONI!$C$7&" giorni",""),4,300))) | J16: =IF($I16="","",TODAY()-$I16) | K16: =IF($C16="","",$C16-TODAY()) | L16: =IF($A16="","",N($D16)&"/"&IMPOSTAZIONI!$C$5) | M16: =IF($S16="","",IF($S16="RECUPERA CON INCENTIVO",INCENTIVI!$C$7,IF($S16="RICHIAMO MANTENIMENTO",INCENTIVI!$C$6,IF(OR($S16="FUORI FINESTRA",$S16="ULTIMA SEDUTA"),INCENTIVI!$C$5,"")))) | O16: =IF($A16="","",N($D16)*N($N16)) | P16: =IF($A16="","",MAX(0,(IMPOSTAZIONI!$C$5-N($D16))*N($N16))) | S16: =IF($A16="","",IF(AND($C16<>"",$C16<TODAY(),OR($I16="",$I16<$C16)),"APPUNTAMENTO SALTATO",IF(AND($C16<>"",$C16-TODAY()=1),"CONFERMA DOMANI",IF(AND($C16<>"",$C16-TODAY()=IMPOSTAZIONI!$C$8),"CHIAMA PER CONFERMA",IF(AND($C16<>"",$C16>=TODAY()),"",IF($E16="Sospesa","",IF($E16="Persa","RECUPERA CON INCENTIVO",IF(AND($I16<>"",TODAY()>=EDATE($I16,IMPOSTAZIONI!$C$10)),"RECUPERA CON INCENTIVO",IF($E16="Mantenimento",IF(AND($I16<>"",TODAY()-$I16>=IMPOSTAZIONI!$C$9),"RICHIAMO MANTENIMENTO",""),IF($E16="In ciclo",IF(N($D16)>=IMPOSTAZIONI!$C$5,"ULTIMA SEDUTA",IF(AND($I16<>"",TODAY()-$I16>IMPOSTAZIONI!$C$7),"FUORI FINESTRA","PRENDI APPUNTAMENTO")),IF($E16="Da contattare","PRENDI APPUNTAMENTO",""))))))))))) | T16: =IF($S16="","",IFERROR(MATCH($S16,IMPOSTAZIONI!$F$5:$F$12,0),9)*100000000+(9999-MIN(9999,ROUND(N($O16)/100,0)))*10000+ROW())
B17: =IF($S17="","",IFERROR(MATCH($S17,IMPOSTAZIONI!$F$5:$F$12,0),9)&" · "&$S17) | F17: =IF($A17="","",IF(LEN(IF(AND($C17<>"",$C17=TODAY())," · oggi in centro","")&IF(AND($C17<>"",$C17>=TODAY(),N($D17)+1>=IMPOSTAZIONI!$C$5)," · ultima del ciclo, proponi il mantenimento","")&IF(AND($C17<>"",$C17>=TODAY(),$I17<>"",$C17-$I17<IMPOSTAZIONI!$C$6)," · rientro anticipato, meno di "&IMPOSTAZIONI!$C$6&" giorni","")&IF(AND($C17<>"",$C17>=TODAY(),$I17<>"",$C17-$I17>IMPOSTAZIONI!$C$7)," · rientro oltre "&IMPOSTAZIONI!$C$7&" giorni",""))=0,"",MID(IF(AND($C17<>"",$C17=TODAY())," · oggi in centro","")&IF(AND($C17<>"",$C17>=TODAY(),N($D17)+1>=IMPOSTAZIONI!$C$5)," · ultima del ciclo, proponi il mantenimento","")&IF(AND($C17<>"",$C17>=TODAY(),$I17<>"",$C17-$I17<IMPOSTAZIONI!$C$6)," · rientro anticipato, meno di "&IMPOSTAZIONI!$C$6&" giorni","")&IF(AND($C17<>"",$C17>=TODAY(),$I17<>"",$C17-$I17>IMPOSTAZIONI!$C$7)," · rientro oltre "&IMPOSTAZIONI!$C$7&" giorni",""),4,300))) | J17: =IF($I17="","",TODAY()-$I17) | K17: =IF($C17="","",$C17-TODAY()) | L17: =IF($A17="","",N($D17)&"/"&IMPOSTAZIONI!$C$5) | M17: =IF($S17="","",IF($S17="RECUPERA CON INCENTIVO",INCENTIVI!$C$7,IF($S17="RICHIAMO MANTENIMENTO",INCENTIVI!$C$6,IF(OR($S17="FUORI FINESTRA",$S17="ULTIMA SEDUTA"),INCENTIVI!$C$5,"")))) | O17: =IF($A17="","",N($D17)*N($N17)) | P17: =IF($A17="","",MAX(0,(IMPOSTAZIONI!$C$5-N($D17))*N($N17))) | S17: =IF($A17="","",IF(AND($C17<>"",$C17<TODAY(),OR($I17="",$I17<$C17)),"APPUNTAMENTO SALTATO",IF(AND($C17<>"",$C17-TODAY()=1),"CONFERMA DOMANI",IF(AND($C17<>"",$C17-TODAY()=IMPOSTAZIONI!$C$8),"CHIAMA PER CONFERMA",IF(AND($C17<>"",$C17>=TODAY()),"",IF($E17="Sospesa","",IF($E17="Persa","RECUPERA CON INCENTIVO",IF(AND($I17<>"",TODAY()>=EDATE($I17,IMPOSTAZIONI!$C$10)),"RECUPERA CON INCENTIVO",IF($E17="Mantenimento",IF(AND($I17<>"",TODAY()-$I17>=IMPOSTAZIONI!$C$9),"RICHIAMO MANTENIMENTO",""),IF($E17="In ciclo",IF(N($D17)>=IMPOSTAZIONI!$C$5,"ULTIMA SEDUTA",IF(AND($I17<>"",TODAY()-$I17>IMPOSTAZIONI!$C$7),"FUORI FINESTRA","PRENDI APPUNTAMENTO")),IF($E17="Da contattare","PRENDI APPUNTAMENTO",""))))))))))) | T17: =IF($S17="","",IFERROR(MATCH($S17,IMPOSTAZIONI!$F$5:$F$12,0),9)*100000000+(9999-MIN(9999,ROUND(N($O17)/100,0)))*10000+ROW())
... B304: =IF($S304="","",IFERROR(MATCH($S304,IMPOSTAZIONI!$F$5:$F$12,0),9)&" · "&$S304) | F304: =IF($A304="","",IF(LEN(IF(AND($C304<>"",$C304=TODAY())," · oggi in centro","")&IF(AND($C304<>"",$C304>=TODAY(),N($D304)+1>=IMPOSTAZIONI!$C$5)," · ultima del ciclo, proponi il mantenimento","")&IF(AND($C304<>"",$C304>=TODAY(),$I304<>"",$C304-$I304<IMPOSTAZIONI!$C$6)," · rientro anticipato, meno di "&IMPOSTAZIONI!$C$6&" giorni","")&IF(AND($C304<>"",$C304>=TODAY(),$I304<>"",$C304-$I304>IMPOSTAZIONI!$C$7)," · rientro oltre "&IMPOSTAZIONI!$C$7&" giorni",""))=0,"",MID(IF(AND($C304<>"",$C304=TODAY())," · oggi in centro","")&IF(AND($C304<>"",$C304>=TODAY(),N($D304)+1>=IMPOSTAZIONI!$C$5)," · ultima del ciclo, proponi il mantenimento","")&IF(AND($C304<>"",$C304>=TODAY(),$I304<>"",$C304-$I304<IMPOSTAZIONI!$C$6)," · rientro anticipato, meno di "&IMPOSTAZIONI!$C$6&" giorni","")&IF(AND($C304<>"",$C304>=TODAY(),$I304<>"",$C304-$I304>IMPOSTAZIONI!$C$7)," · rientro oltre "&IMPOSTAZIONI!$C$7&" giorni",""),4,300))) | J304: =IF($I304="","",TODAY()-$I304) | K304: =IF($C304="","",$C304-TODAY()) | L304: =IF($A304="","",N($D304)&"/"&IMPOSTAZIONI!$C$5) | M304: =IF($S304="","",IF($S304="RECUPERA CON INCENTIVO",INCENTIVI!$C$7,IF($S304="RICHIAMO MANTENIMENTO",INCENTIVI!$C$6,IF(OR($S304="FUORI FINESTRA",$S304="ULTIMA SEDUTA"),INCENTIVI!$C$5,"")))) | O304: =IF($A304="","",N($D304)*N($N304)) | P304: =IF($A304="","",MAX(0,(IMPOSTAZIONI!$C$5-N($D304))*N($N304))) | S304: =IF($A304="","",IF(AND($C304<>"",$C304<TODAY(),OR($I304="",$I304<$C304)),"APPUNTAMENTO SALTATO",IF(AND($C304<>"",$C304-TODAY()=1),"CONFERMA DOMANI",IF(AND($C304<>"",$C304-TODAY()=IMPOSTAZIONI!$C$8),"CHIAMA PER CONFERMA",IF(AND($C304<>"",$C304>=TODAY()),"",IF($E304="Sospesa","",IF($E304="Persa","RECUPERA CON INCENTIVO",IF(AND($I304<>"",TODAY()>=EDATE($I304,IMPOSTAZIONI!$C$10)),"RECUPERA CON INCENTIVO",IF($E304="Mantenimento",IF(AND($I304<>"",TODAY()-$I304>=IMPOSTAZIONI!$C$9),"RICHIAMO MANTENIMENTO",""),IF($E304="In ciclo",IF(N($D304)>=IMPOSTAZIONI!$C$5,"ULTIMA SEDUTA",IF(AND($I304<>"",TODAY()-$I304>IMPOSTAZIONI!$C$7),"FUORI FINESTRA","PRENDI APPUNTAMENTO")),IF($E304="Da contattare","PRENDI APPUNTAMENTO",""))))))))))) | T304: =IF($S304="","",IFERROR(MATCH($S304,IMPOSTAZIONI!$F$5:$F$12,0),9)*100000000+(9999-MIN(9999,ROUND(N($O304)/100,0)))*10000+ROW())

Sheet RIEPILOGO
B2: RIEPILOGO
B3: Le celle C5, C13, C17, C20, C26 e F5 le legge il master NIPEC: non spostarle.
B5: DA RICHIAMARE | C5: =COUNTIF(CLIENTI!$S$5:$S$304,"?*") | D5: quante righe hanno un avviso acceso adesso | E5: Da incassare € | F5: =SUM(CLIENTI!$P$5:$P$304)
E6: Già lasciati € | F6: =SUM(CLIENTI!$O$5:$O$304)
B7: Copertura appuntamento | C7: =IFERROR(COUNTIFS(CLIENTI!$E$5:$E$304,"In ciclo",CLIENTI!$C$5:$C$304,">="&TODAY())/COUNTIF(CLIENTI!$E$5:$E$304,"In ciclo"),"") | D7: sotto il 90% il centro sta perdendo clienti | E7: Media per cliente € | F7: =IFERROR(SUM(CLIENTI!$O$5:$O$304)/COUNTA(CLIENTI!$A$5:$A$304),0)
B8: Dormienti | C8: =SUMPRODUCT((CLIENTI!$A$5:$A$304<>"")*(CLIENTI!$I$5:$I$304<>"")*(CLIENTI!$I$5:$I$304<=EDATE(TODAY(),-IMPOSTAZIONI!$C$10))) | D8: ferme da oltre i mesi impostati
B13: Percorsi attivi | C13: =COUNTIF(CLIENTI!$E$5:$E$304,"In ciclo") | D13: clienti in ciclo
B17: Persone in rubrica | C17: =COUNTA(CLIENTI!$A$5:$A$304) | D17: schede totali
B20: Nuove negli ultimi 30 gg | C20: =COUNTIFS(CLIENTI!$Q$5:$Q$304,">="&TODAY()-30,CLIENTI!$Q$5:$Q$304,"<="&TODAY()) | D20: contatti entrati questo mese
B26: Ultimo inserimento | C26: =IFERROR(MAX(CLIENTI!$Q$5:$Q$304),"") | D26: l'ultima volta che qualcuno ha toccato la rubrica
B29: Quante per avviso
B30: =IMPOSTAZIONI!F5 | C30: =COUNTIF(CLIENTI!$S$5:$S$304,$B30)
B31: =IMPOSTAZIONI!F6 | C31: =COUNTIF(CLIENTI!$S$5:$S$304,$B30)
B32: =IMPOSTAZIONI!F7 | C32: =COUNTIF(CLIENTI!$S$5:$S$304,$B30)
B33: =IMPOSTAZIONI!F8 | C33: =COUNTIF(CLIENTI!$S$5:$S$304,$B30)
B34: =IMPOSTAZIONI!F9 | C34: =COUNTIF(CLIENTI!$S$5:$S$304,$B30)
B35: =IMPOSTAZIONI!F10 | C35: =COUNTIF(CLIENTI!$S$5:$S$304,$B30)
B36: =IMPOSTAZIONI!F11 | C36: =COUNTIF(CLIENTI!$S$5:$S$304,$B30)
B37: =IMPOSTAZIONI!F12 | C37: =COUNTIF(CLIENTI!$S$5:$S$304,$B30)
B39: In Excel alcune celle restano vuote finché non ricalcola: è normale, non è rotto.

Sheet INCENTIVI
B2: INCENTIVI
B3: Tre offerte, una per famiglia. Il nome finisce da solo nella rubrica.
B4: Famiglia | C4: Nome dell'offerta | D4: Cosa dice — finisce nel messaggio | E4: Valida fino al
B5: In ciclo | C5: Offerta Laser 1 | D5: Per i rientri e per chi apre una zona nuova.
B6: Mantenimento | C6: Offerta Laser 2 | D6: Il richiamo a 90 giorni: deve costare poco e fissarsi subito.
B7: Persa | C7: Offerta Laser 3 | D7: Recupero delle addormentate: l'unica che può essere aggressiva.
B9: La famiglia non si tocca: è quella che collega l'offerta all'avviso.

Sheet IMPOSTAZIONI
B2: IMPOSTAZIONI
B3: I sei numeri che comandano tutti gli avvisi. Giallo = si scrive. | E3: L'ordine di lavoro
E4: n. | F4: avviso
B5: Sedute per ciclo | C5: 12 | D5: Arrivata a questo numero scatta ULTIMA SEDUTA. | E5: 1 | F5: CONFERMA DOMANI
B6: Rientro da (giorni) | C6: 21 | D6: Prima, la ricrescita non è pronta. | E6: 2 | F6: CHIAMA PER CONFERMA
B7: Rientro entro (giorni) | C7: 28 | D7: Oltre, la cliente è FUORI FINESTRA. | E7: 3 | F7: APPUNTAMENTO SALTATO
B8: Conferma quanti giorni prima | C8: 7 | D8: La prima telefonata di conferma. La seconda è sempre il giorno prima. | E8: 4 | F8: PRENDI APPUNTAMENTO
B9: Mantenimento ogni (giorni) | C9: 90 | D9: Ogni quanto si richiama chi ha finito il ciclo. | E9: 5 | F9: FUORI FINESTRA
B10: Dormiente dopo (mesi) | C10: 6 | D10: In MESI. Dopo questo silenzio si passa alle offerte di recupero. | E10: 6 | F10: ULTIMA SEDUTA
E11: 7 | F11: RICHIAMO MANTENIMENTO
E12: 8 | F12: RECUPERA CON INCENTIVO
F14: La posizione in questa lista È la priorità: sposti una riga e tutto il centro si riordina.
F15: Prima quello che oggi si spegne da solo, poi quello che resta acceso finché non lo chiudi.
